,Date ,05-06/05/2004,06-07/05/2004,07-08/05/2004,08-09/05/2004,09-10/05/2004,11-12/05/2004,12-13/05/2004,13-14/05/2004,14-15/05/2004,15-16/05/2004,16-17/05/2004,17-18/05/2004,19-20/05/2004,18-19/05/2004,20-21/05/2004,21-22/05/2004,22-23/05/2004,23-24/05/2004
,& environment,AFS 2m,AFS 1.2m,MO 1.2m,MO 2m,Open area 2m,Open area 2m,AFS 2m,AFS 1.2m,Open area 2m,MO 2m,MO 1.2m,Open area 2m,AFS 2m,AFS 1.2m,Open area 2m,MO 2m,MO 1.2m,Open area 2m
Hour,7:20,0.91,0.85,0.73,1.51,1.37,1.87,0.13,0.16,2.00,0.45,0.58,1.44,0.07,0.06192,0.005326,0.02929,0.01874,0.02343
,7:30,0.97,0.88,3.05,3.56,4.55,5.90,0.39,0.23,5.13,2.24,3.17,4.56,0.08,0.06804,0.08228,0.3204,0.195,0.2408
,7:40,1.16,0.95,11.12,8.21,12.15,9.40,0.76,0.28,14.67,8.98,7.67,11.96,0.11,0.08731,2.24,0.7601,1.522,1.806
,7:50,1.62,1.04,17.59,19.82,19.88,11.37,2.07,0.34,28.60,18.29,18.98,23.35,0.22,0.1658,8,3.327,5.914,7.818
,8:00,2.56,1.24,24.95,22.79,29.50,14.97,4.63,0.37,44.31,46.88,27.28,34.44,0.617,0.2637,17.13,4.834,13.05,16.86
,8:10,3.55,1.55,27.54,25.57,44.81,29.50,5.33,0.74,64.29,53.14,33.99,54.44,1.493,0.3575,26.67,7.991,20.61,26.49
,8:20,4.88,1.83,26.34,32.70,164.80,140.88,7.80,1.55,80.51,70.61,39.56,118.60,2.811,0.7836,35.51,20.38,27.11,35.25
,8:30,5.89,2.50,25.09,33.38,202.90,150.08,9.50,1.54,90.91,79.84,44.30,198.50,2.523,1.537,75.08,55.5,32.6,41.76
,8:40,6.47,3.53,18.92,46.05,215.50,152.32,8.13,2.39,103.90,123.50,55.11,317.45,3.962,2.509,85.06,67.22,36.97,47.52
,8:50,5.90,5.11,29.4,65.82,273.80,226.38,3.92,2.78,147.90,121.40,103.80,278.88,3.226,1.721,77.94,75.22,40.15,101.6
,9:00,5.30,5.06,44.85,206.50,321.30,255.74,3.41,3.22,190.10,256.10,176.40,301.12,8.253,2.517,280.7,131.4,54.98,205.8
,9:10,8.37,4.41,64.62,312.20,326.10,238.44,8.37,3.46,287.20,186.90,186.70,368.64,11.44,5.767,385,128.8,125.7,300.2
,9:20,15.02,3.70,89.70,309.90,333.50,269.63,8.56,5.00,197.30,229.40,199.50,390.87,11.56,3.423,433.8,152,76.45,365.8
,9:30,18.08,3.71,112.40,189.60,347.50,292.44,9.32,5.06,273.20,264.60,187.60,410.94,12.74,3.834,472.2,160.5,115.3,422.5
,9:40,17.77,4.57,112.20,200.60,388.90,350.60,9.75,4.66,332.20,309.50,246.30,427.14,14.77,3.754,522.4,160.6,276,475.4
,9:50,15.72,4.33,149.70,292.80,423.70,330.59,17.73,4.61,449.40,333.90,308.40,458.82,12.58,4.824,578.6,201.7,207.5,552
,10:00,15.34,4.40,165.40,347.50,450.30,341.06,22.06,4.06,237.00,327.20,381.40,490.68,7.641,6.116,628.6,191.2,532.4,614.4
,10:10,21.90,4.74,156.10,321.30,480.40,480.61,32.47,3.48,517.10,454.90,505.00,549.09,7.945,4.338,679.2,569.8,608.3,681.1
,10:20,25.72,5.41,157.10,319.90,515.10,482.87,32.10,5.61,319.80,436.60,627.60,663.12,10.21,4.613,732.5,271.7,638.5,745.2
,10:30,21.90,5.24,202.70,327.00,544.30,561.56,24.80,9.80,325.90,485.50,678.10,699.66,11.75,13.95,792,589.8,686.8,776.6
,10:40,18.15,5.23,256.40,323.70,565.10,554.35,29.12,14.55,508.20,465.00,710.00,723.51,20.82,25.2,836.8,729.1,731.1,788.7
,10:50,18.83,5.23,240.60,407.70,988.30,784.30,10.31,19.09,661.00,844.80,794.10,669.30,30.87,29.26,875.9,631.2,768.8,823.5
,11:00,27.91,4.97,244.00,449.10,610.00,781.90,7.99,16.96,440.60,795.20,745.20,775.56,33.96,19.78,910.4,417.4,793.1,863.5
,11:10,26.30,7.19,227.30,174.20,636.60,799.30,13.92,21.38,432.40,798.10,632.30,761.52,38.77,19.07,944,194.3,816.1,895.7
,11:20,24.32,14.88,276.10,580.20,661.20,755.70,27.44,15.64,360.60,698.60,352.60,736.56,33.13,19.89,976.6,911,649.4,929.9
,11:30,21.27,17.49,337.10,452.80,670.30,771.20,9.73,14.39,946.80,657.00,238.10,779.16,25.36,17.86,1003,459.1,335.6,960.3
,11:40,28.41,16.02,232.90,110.10,664.50,671.90,8.59,15.50,508.10,576.20,285.20,765.96,25.36,25.29,1004,166.1,256.5,982.3
,11:50,25.66,21.51,275.50,201.60,699.60,648.60,28.19,14.98,601.10,589.10,300.10,718.56,13.21,22.8,1025,1037,193,1005
,12:00,24.50,23.81,145.90,206.30,714.90,664.20,38.08,17.67,566.50,603.90,345.00,732.48,13.36,21.74,1047,1083,359.7,1026
,12:10,36.65,23.71,131.00,59.50,734.90,642.30,45.46,16.29,944.20,712.00,223.70,730.56,19.01,19.54,1065,596.5,514.6,1043
,12:20,41.36,28.64,128.20,64.52,749.50,778.30,45.60,19.63,948.20,579.00,387.80,746.64,21.51,30.12,1080,652.8,162,1059
,12:30,27.34,19.75,206.60,475.10,420.00,965.80,42.86,14.02,409.80,936.20,326.00,747.84,13.75,19.3,1091,928.9,473.3,1070
,12:40,24.40,22.38,228.10,173.20,448.00,949.70,33.52,12.25,222.10,628.30,385.70,773.16,16.09,13.45,1101,797.9,61.62,1079
,12:50,24.09,29.02,306.10,687.00,718.60,867.70,28.91,10.66,329.10,863.80,395.90,814.80,20.2,15.46,1109,539.8,60.83,1085
,13:00,50.37,38.53,353.50,368.90,880.90,742.70,38.78,8.95,402.20,862.10,182.20,824.28,16.58,17.63,1111,398.8,61.28,1088
,13:10,59.18,31.99,246.60,295.40,857.70,622.90,37.77,10.75,308.00,715.70,493.70,817.56,13.31,21.12,1108,592,60.77,1080
,13:20,82.76,33.19,213.10,199.50,827.40,687.70,36.97,12.36,319.60,505.00,194.20,792.48,12.37,18.2,1105,939.3,64.11,1066
,13:30,67.50,22.63,166.40,51.36,861.60,1360.00,39.56,12.84,471.20,682.00,442.00,804.60,7.489,13.74,1099,966.2,301.4,1066
,13:40,44.02,21.73,203.80,140.30,860.60,1310.00,37.24,18.15,585.80,859.00,421.50,829.80,10.12,15.39,1087,1071,101.2,1065
,13:50,37.93,17.50,266.50,123.60,731.80,836.00,40.79,27.36,626.70,785.20,368.80,816.96,7.01,16.03,1076,1036,419.8,1040
,14:00,53.87,43.78,340.20,709.90,974.80,587.10,38.16,27.00,541.20,658.70,416.80,805.56,8.934,16.01,1057,962.2,125.7,840.2
,14:10,61.70,52.90,299.50,728.20,744.90,593.20,27.22,26.99,467.60,484.80,419.00,806.52,6.452,10.16,1041,544.9,297.2,860.2
,14:20,39.94,51.78,132.30,715.20,774.80,574.00,70.05,31.68,526.90,988.50,356.90,780.48,3.58,9.397,434.5,450.6,730.9,218.2
,14:30,18.44,24.47,134.90,702.60,644.90,587.70,208.70,28.38,256.70,389.70,230.60,798.48,42.76,8.646,82.25,1076,927,850.9
,14:40,41.70,20.70,136.00,408.60,687.30,761.00,25.33,10.70,310.80,393.90,418.00,686.00,16.51,3.491,710.1,7.907,931.6,729.4
,14:50,31.29,12.96,135.50,408.50,503.10,837.90,53.76,24.39,346.70,303.90,585.60,463.40,15.93,3.588,1058,6.557,566.5,901.2
,15:00,35.09,18.57,284.40,300.50,541.60,764.40,23.12,24.88,372.20,420.10,547.20,652.30,19.4,3.698,937.3,82.85,440,874.7
,15:10,36.48,17.33,231.70,409.20,554.60,613.90,22.55,22.93,225.80,484.30,557.00,893.50,23.96,3.195,1063,76.93,86.85,842.1
,15:20,33.52,20.38,188.90,266.80,521.50,562.60,25.96,24.26,265.40,360.30,243.30,879.30,21.72,3.66,982.3,58.68,64.58,804.6
,15:30,31.17,26.97,170.70,221.70,487.20,449.40,22.51,25.08,324.00,564.40,111.50,854.70,57.16,2.779,790.1,91.28,64.02,764
,15:40,27.51,22.43,190.20,220.20,415.40,468.60,18.03,26.22,154.10,440.00,85.44,787.70,118.9,5.236,635.7,107.4,90.54,724.1
,15:50,22.95,19.64,172.70,222.30,457.40,582.40,12.59,24.21,154.50,223.90,112.10,734.10,28.45,7.227,578,83.81,59.71,678
,16:00,25.39,17.45,155.60,106.90,433.90,514.00,12.91,19.87,249.80,241.00,107.10,682.00,357.9,15.13,240,72.84,57.77,630.8
,16:10,23.72,16.08,218.00,115.90,400.50,328.80,13.55,22.20,194.80,317.10,79.89,645.10,21.55,15.68,113.3,60.91,56.21,582.4
,16:20,14.92,14.23,168.60,137.10,366.90,376.50,13.68,24.79,146.60,242.00,67.23,465.10,14.56,5.007,107.7,41.71,54.45,424.6
,16:30,14.00,18.29,120.70,165.10,300.40,400.60,14.20,23.24,110.80,78.53,67.50,239.20,14.86,1.45,94.67,31.84,52.72,94.2
,16:40,11.26,16.11,56.14,140.60,266.00,219.30,11.17,20.00,80.29,110.50,73.05,193.00,11.45,1.862,121.4,28.44,50.92,87.26
,16:50,8.63,18.18,87.14,107.90,266.20,191.30,7.92,21.04,84.35,109.50,58.52,188.60,9.387,1.623,139.2,16.48,48.59,74.82
,17:00,7.01,17.72,72.18,93.76,144.90,179.50,7.56,16.10,152.70,93.06,53.54,281.50,9.29,0.9967,88.86,17.6,46.06,62.71
,17:10,9.41,17.52,70.27,86.60,68.78,156.10,5.87,10.39,100.50,76.86,67.93,229.10,7.271,1.782,63.37,28.22,43.1,58.11
,17:20,7.32,17.25,42.21,41.05,56.01,128.60,4.68,6.40,76.68,58.10,98.26,85.93,7.422,2.224,62.9,24.59,39.62,53.56
,17:30,6.24,15.45,37.76,30.14,49.72,82.44,3.88,3.50,64.13,55.28,85.68,67.38,5.694,0.7778,77.39,17.64,35.7,48.24
,17:40,5.89,15.54,42.27,30.05,44.01,45.43,3.17,2.49,80.16,50.34,58.75,57.75,3.771,1.595,60.76,8.545,30.83,39.28
,17:50,4.26,10.51,25.7,28.43,30.20,30.25,1.88,1.40,42.51,43.39,43.84,44.28,2.015,0.6084,36.44,8.733,24.69,28.71
,18:00,3.21,5.76,19.6,22.46,25.08,27.82,1.28,1.17,24.33,31.85,21.59,29.05,1.268,0.2829,24.08,4.734,17.18,16.92
,18:10,2.55,2.66,14.14,10.46,17.81,18.85,0.54,0.72,16.37,17.71,10.31,17.45,0.6533,0.184,12.64,2.636,9.198,7.962
,18:20,1.74,1.75,7.12,7.05,9.76,9.69,0.29,0.43,4.93,6.93,4.64,7.21,0.3389,0.09717,4.156,0.6595,3.107,2.744