,Date ,24-25/11/2003,24-25/11/2003,25-26/11/2003,25-26/11/2003,27-28/11/2003,27-28/11/2003,28-29/11/2003,28-29/11/2003,29-30/11/2003,29-30/11/2003
,& environment,AFS 1.2m,AFS 2m,AFS 2m,AFS 1.2m,MO 2m,MO 1.2m,MO 2m,MO 1.2m,Open area 2m,Open area 2m
Hour,5:30,0.12,2.366,1.144,0.12,4.847,3.79,4.951,2.61,5.241,5.67
,5:40,1.67,4.202,2.715,0.99,12.31,8.47,12.331,11.81,14.24,13.74
,5:50,3.73,6.038,3.957,1.76,26.3,12.15,24.821,20.32,29.39,33.15
,6:00,5.11,8.008,4.566,2.54,60.3,58.97,51.92,44.46,79.02,71.24
,6:10,6.55,9.442,7.533,5.26,94.3,53.23,76.2,66.01,152.5,122.20
,6:20,8.48,11.68,9.963,7.59,167.4,36.33,104.7,91.17,100.2,153.10
,6:30,9.72,13.04,12.21,9.62,196.7,34.24,143.8,126.80,179.6,229.00
,6:40,11.81,15.32,14.28,11.51,354.1,26.97,197.1,172.70,388.1,340.60
,6:50,17.00,22.39,17.7,14.64,472,24.22,200,180.40,463.7,412.00
,7:00,17.62,22.12,20.92,17.52,576.5,39.38,179,158.50,209.7,429.60
,7:10,22.25,29.53,27.46,24.07,661.8,25.87,230.8,196.40,537.8,173.10
,7:20,19.24,23.7,28.79,24.97,736.2,21.82,516.5,446.90,702.9,451.70
,7:30,11.75,15.36,32.3,27.99,791.7,12.85,509.9,719.50,791.4,653.20
,7:40,16.65,21.14,33.04,28.69,886.2,13.13,470,489.00,723.7,759.20
,7:50,18.22,23.21,32.05,28.02,977.7,17.09,825.4,678.90,853,548.00
,8:00,27.34,33.07,29.53,25.64,1064,25.97,1026,780.30,1024,546.00
,8:10,25.20,30.13,29.74,26.31,1137,37.64,988.4,878.90,1116,894.70
,8:20,35.56,42.56,28.97,25.07,1208,40.05,1123,1005.00,1196,1048.00
,8:30,54.59,48.86,38.98,34.23,1275,616.00,1233,1105.00,1272,1143.00
,8:40,39.83,46.28,42.27,37.57,1347,1164.00,1197,1078.00,1346,1211.00
,8:50,42.13,48.19,44.46,38.92,1416,574.00,1389,1245.00,1418,1276.00
,9:00,44.11,49.34,50.2,43.97,1487,773.00,1383,1247.00,1486,1338.00
,9:10,47.32,50.39,54.82,47.41,1549,939.80,1445,1300.00,1553,1399.00
,9:20,59.78,53.61,51.36,44.93,1615,960.60,1424,1282.00,1616,1457.00
,9:30,74.28,61.92,53.28,45.84,1675,995.10,1530,1373.00,1676,1511.00
,9:40,66.42,67.31,60.33,52.58,1732,1046.00,1651,1488.00,1732,1563.00
,9:50,55.74,63.42,50.74,46.00,1787,909.70,1711,1542.00,1787,1613.00
,10:00,53.11,60.08,40.62,36.06,1837,1167.00,1787,1610.00,1837,1660.00
,10:10,64.25,73.7,48.74,42.42,1882,1214.00,1812,1638.00,1884,1702.00
,10:20,70.13,80.63,62.56,56.40,1929,1253.00,1810,1640.00,1433,1744.00
,10:30,74.72,86.27,70.55,60.53,1971,1256.00,1860,1677.00,1971,1782.00
,10:40,76.46,87.41,79.35,67.83,2008,511.00,1932,1742.00,2006,1813.00
,10:50,68.80,79.22,79.49,68.94,2042,606.50,1791,1619.00,2040,1844.00
,11:00,68.61,78.29,81.14,72.19,2075,608.20,1938,1750.00,2070,1873.00
,11:10,10.30,13.35,85.07,75.56,2102,711.40,2029,1841.00,2097,1897.00
,11:20,13.64,17.83,91.15,81.73,2128,717.10,2038,1834.00,1972,1916.00
,11:30,15.23,18.88,94.66,84.45,2148,126.80,1861,1684.00,2137,1933.00
,11:40,26.26,33.01,92.36,83.86,2164,967.40,2128,1915.00,2153,1947.00
,11:50,54.64,64.66,95.86,85.92,2173,1948.00,1970,1788.00,2162,1956.00
,12:00,62.56,74.85,92.8,86.09,2181,1957.00,1994,1797.00,2169,1962.00
,12:10,70.26,81.38,63.02,57.16,2183,1961.00,1770,1601.00,2174,1967.00
,12:20,29.37,34.35,69.01,61.80,2183,1953.00,1984,1785.00,2176,1968.00
,12:30,27.65,32.5,54.32,47.74,2180,1962.00,2129,1923.00,2178,1970.00
,12:40,10.79,14.64,58.74,51.66,2176,1967.00,2154,1944.00,2271,1966.00
,12:50,47.31,55.52,59.12,51.32,1221,1094.00,2161,1951.00,2201,2053.00
,13:00,71.82,79.98,94.27,82.52,1722,1617.00,2130,1921.00,2249,2014.00
,13:10,39.56,44.23,574.4,540.30,2134,1813.00,2144,1936.00,2245,2091.00
,13:20,122.80,136.4,30.37,26.21,1457.8,1291.10,2115,1903.00,2224,2020.00
,13:30,119.40,138.2,37.66,32.86,1757.3,1471.60,2092,1884.00,1788,1602.00
,13:40,113.70,138.6,24.2,20.93,989,625.20,2065,1862.00,2168,1960.00
,13:50,115.40,127.6,20.32,16.98,887.7,546.40,2034,1836.00,2137,1933.00
,14:00,119.50,146,31.89,26.76,591.8,368.90,2000,1806.00,1856,1694.00
,14:10,133.10,163.6,73.1,64.90,632.3,399.40,1958,1771.00,1338,1211.00
,14:20,141.30,151.2,72.16,65.68,1055,693.70,1916,1733.00,1608,1441.00
,14:30,117.70,127.4,60.82,54.61,850.4,551.20,1871,1693.00,1407,1266.00
,14:40,88.59,102.8,95.87,87.06,900.8,588.90,1825,1402,1653,1278.00
,14:50,82.40,96.58,79.25,73.29,1319,937.30,1771,1459,1604,1299.00
,15:00,77.85,96.76,51.58,47.20,1493,1210.00,1720,1737,1558,1564.00
,15:10,76.27,92.62,45.28,39.08,962.2,780.20,1663,1664,1508,1517.00
,15:20,78.10,88.14,67.28,59.56,1567,1226.00,1603,1377,1454,1257.00
,15:30,85.42,87.01,54.58,48.24,1246,570.10,1516,1463,1396.00,1327.00
,15:40,49.95,58.32,38.85,33.71,1073,843.20,1475,1241,1338.00,1138.00
,15:50,46.00,54.06,48.24,42.66,1169,985.30,1404,1120,1277.00,1009.00
,16:00,35.88,42.69,29.33,25.70,717.3,541.90,1333,1215.00,1260,1102.00
,16:10,31.56,37.97,38.8,33.19,1372,1144.00,1262,1148.00,1045.6,1247.00
,16:20,29.96,36.32,28.96,25.41,856.3,686.30,1188,1080.00,1108,1156.00
,16:30,30.46,36.85,24.38,20.50,380.2,262.50,1108,1009.00,1001,987.30
,16:40,27.95,33.67,20.89,17.65,599.9,507.60,1019,927.70,1089,1021.00
,16:50,22.11,27.2,18.38,15.07,1245,882.70,950.5,866.00,1056,803.10
,17:00,20.06,25,19.35,16.13,947.7,824.30,709.2,631.00,1063,640.50
,17:10,19.46,24.33,16.86,13.69,483.2,569.70,484.8,647.50,632.2,501.20
,17:20,18.65,23.37,20.02,16.21,467.7,492.80,126.9,455.70,441.9,411.10
,17:30,14.21,17.95,24.46,20.57,304.4,217.20,105,147.00,210.6,215.10
,17:40,23.4,4.644,7.35,19.54,229.6,315.5,98,136.3,218.2,178.6
,17:50,18.18,1.765,4.21,15.12,185.8,210.8,92.36,81.84,142.5,146.4
,18:00,13.06,1.758,4.26,10.38,108.2,104.3,87.03,76.39,133.9,118.3
,18:10,9.04,1.8,4.28,6.64,100.1,98.18,80.02,70.08,134.9,119
,18:20,6.923,1.273,3.74,4.71,111.5,104.8,72.73,63.5,100.9,89.6
,18:30,4.862,2.173,4.74,2.803,99.4,83.1,64.22,55.79,94.69,83.47
,18:40,3.779,2.196,4.69,1.771,78.9,69.72,56.95,49.42,86.84,76.38
,18:50,2.94,1.088,3.43,1.012,39.46,41.7,47.5,40.96,74.1,65.34
,19:00,2.366,7.429,2.68,0.4802,24.99,22.32,34.25,29.25,43.68,38.74
,19:10,1.405,4.115,2.03,0.4153,14.34,6.19,12.89,7.835,13.385,19.675
,19:20,0.5723,1.445,1.29,0.8404,2.247,1.416,4.954,2.027,6.8108,5.152